{
    "eval_loss": 0.19309984147548676,
    "eval_accuracy": 0.967128027681661,
    "eval_precision": 0.7980049875311721,
    "eval_recall": 0.7142857142857143,
    "eval_macro_f1": 0.8681080840723595,
    "eval_f1": 0.7538280329799765,
    "eval_runtime": 22.8513,
    "eval_samples_per_second": 278.234,
    "eval_steps_per_second": 8.708,
    "epoch": 3.0
}